{ "completedInspections": [
  {
    "inspectionType": "Assess damage",
    "id": 1,
    "date": "2023-01-19",
    "location": "Delfzijl",
    "employee": "Bas"
  },

  {
    "inspectionType": "Evaluate outstanding maintenance",
    "id": 2,
    "date": "2023-08-02",
    "location": "Amsterdam",
    "employee": "Bram"
  },


  {
    "inspectionType": "Inspect technical installations",
    "id": 3,
    "date": "2024-01-11",
    "location": "Rotterdam",
    "employee": "Daan"
  },


  {
    "inspectionType": "Inspect technical installations",
    "id": 4,
    "date": "2024-04-27",
    "location": "Valkenburg",
    "employee": "Lucas"
  },

  {
    "inspectionType": "Catalog modifications",
    "id": 5,
    "date": "2024-05-09",
    "location": "Ede",
    "employee": "Niels"
  },


  {
    "inspectionType": "Evaluate outstanding maintenance",
    "id": 6,
    "date": "2024-06-09",
    "location": "Den Bosch",
    "employee": "Bram"
  },


  {
    "inspectionType": "Catalog modifications",
    "id": 7,
    "date": "2024-08-19",
    "location": "Zwolle",
    "employee": "Daan"
  },


  {
    "inspectionType": "Assess damage",
    "id": 8,
    "date": "2024-08-23", 
    "location": "Haarlem",
    "employee": "Lucas"
  }
]
}

