{ "scheduledInspections": [
  {
    "inspectionType": "Evaluate outstanding maintenance",
    "id": 1,
    "date": "2024-10-29",
    "location": "Roermond",
    "employee": "Bram"
  },

  {
    "inspectionType": "Assess damage",
    "id": 2,
    "date": "2024-11-02",
    "location": "Vlissingen",
    "employee": "Bas"
  },

  {
    "inspectionType": "Assess damage",
    "id": 3,
    "date": "2024-12-13",
    "location": "Apeldoorn",
    "employee": "Daan"
  },

  {
    "inspectionType": "Catalog modifications",
    "id": 4,
    "date": "2025-01-24",
    "location": "Leeuwarden",
    "employee": "Lucas"
  }
]
}

